Department,Employer count,Salary minimum,Salary maximum,Salary avg
Разработка,47,56000,124900,91891.48936170213
Маркетинг,38,55500,124300,94202.63157894737
Бухгалтерия,41,56100,124900,92941.46341463414
Аналитика,34,55200,122800,89008.82352941176
Продажи,40,55700,122100,89307.5
